Unnamed: 0,tweet_id,text,science_related,scientific_claim,scientific_reference,scientific_context
2,322030931022065664,Can any Gynecologist with Cancer Experience explain the dangers of Transvaginal Douching with Fluoride or other toxins such as Dioxin? #PDX,1,1.0,0.0,0.0
3,322694830620807168,Couch-lock highs lead to sleeping in the couch. Gotta stop doing this shit.,1,1.0,0.0,0.0
4,328524426658328576,Does daily routine help prevent problems with bipolar disorder http://t.co/XGUfUDoLJB,1,1.0,0.0,0.0
8,333266791960809472,‚ÄúTraffic Jam‚Äù In Brain‚Äôs Neurons Could Be Cause Of Statin-Related Cognitive Decline http://t.co/kQ3XPdePKX,1,1.0,1.0,1.0
9,334282732085587968,Can playing more games improve lives and save the world? by @chris_pelle via @PostArcade http://t.co/uEtVu099Ad #CDA30,1,1.0,0.0,0.0
10,334350038090276864,The effect of climate change on iceberg production by Greenland glaciers http://t.co/CtnPhcmD7c,1,0.0,1.0,1.0
16,344256820552011777,@RepCohen @SenAlexander @SenBobCorker pls support #NIH funding to help fight #pancreaticcancer @PanCAN @PanCANMemphis #ifight4MyDad,1,0.0,0.0,1.0
17,344906283360591873,Poverty is the greatest cause behind child labour. #RisePakistan,1,1.0,0.0,0.0
18,345226308780974081,"""@TheFactsBook: Drinking chocolate milk has been proven to help relieve muscle soreness after a workout.""@dietervoigtsa dink jy dis waar?",1,1.0,0.0,0.0
27,354971560186101763,"A wise Physician said, ‚ÄúThe best medicine for Humans is LOVE.‚Äù Some1 asked, ‚ÄúIf it doesn‚Äôt work?‚Äù He smiled&answered, ‚Äú Increase the dose.‚Äù",1,1.0,0.0,0.0
29,357516810666524675,When we think of unhealthy living we generally think of diet and exercise. Diet and exercise are an intricate... http://t.co/bGnam9Thx1,1,1.0,0.0,0.0
33,362177441596321792,Caution! 3D Printers Could Cause Health Problems. Find out more here: http://t.co/BRAwvRgq28,1,1.0,0.0,0.0
35,363172565365170176,"MDLinx Blog: MDLinx Blog: Neuropsychological findings in pediatric maltreatment: relationship of PTSD,... http://t.co/sS24IDHCoD",1,0.0,1.0,1.0
40,369662835972141056,65% of cats born with blue eyes are deaf.,1,1.0,0.0,0.0
41,371197661439078400,@najdi_outsider @mayami2012 @mol7daa @ahlamm4 @bibi_dd 1. The study indicate that the brain atrophy is caused by stress not by religion,1,1.0,0.0,1.0
43,375481363668795392,Over thinking causes the mind to create negative scenarios and replay painful memories.,1,1.0,0.0,0.0
44,375599373771898880,Sleep 'boosts brain cell numbers' http://t.co/5d9b6G1vob,1,1.0,1.0,1.0
47,378087292306337792,"Versatile microRNAs Choke Off Cancer Blood Supply, Suppress Metastasis - Science Daily (press release) http://t.co/EFAfQCE57H",1,1.0,1.0,1.0
50,379218265500684288,"‚Äú@UberFacts: During Medieval times, red hair was associated with intense sexual desire and moral degradation.‚Äù @EElise13",1,1.0,0.0,0.0
52,380341864903090176,"@billmaher What can ""we"" do Bill? All the gun laws in the fucking world won't stop mentally ill killers from killing people...",1,1.0,0.0,0.0
61,396940972694568960,Modeling precision treatment of breast cancer - looks great ! http://t.co/4XzfGlwAWn,1,0.0,1.0,1.0
62,397206548943867905,@khushsundar Do u think legalising prostitution in all states will decrease sexual abusing. Pls give me s reply mam.,1,1.0,0.0,0.0
66,402844901475618816,"#Multiple #Births Cost Significantly More Than Single Births, Study Shows http://t.co/A0alATsStW",1,1.0,1.0,1.0
68,403454747287359488,"""The existence of absolute poverty today points to the indifference of many in the rich world"" http://t.co/ktsjh6vn1Y via @prospect_uk",1,1.0,0.0,0.0
74,411247736525434880,"Europa, a moon of Jupiter has a gigantic ocean beneath its icy surface which cracks and shoots water jets into space. http://t.co/rcLoSrZE0C",1,1.0,1.0,1.0
78,413527115230117888,A lucky find of a toe fossil unlocks a genetic encyclopedia for neanderthals http://t.co/gfjo79RuSv,1,1.0,1.0,1.0
84,419047430718373888,.@GreenJournal study show this infection can increase risk of strokes and heart attacks http://t.co/OnPKAwpomh,1,1.0,1.0,1.0
93,430698608137351168,"Law leads to guilt,guilt leads to struggle,struggle leads to failure,failure leads to more guilt,guilt leads to more sin + hopelessness!",1,1.0,0.0,0.0
96,431321021186969600,"The Biology of Belief: Unleashing the Power of Consciousness, Matter, & Miracles by Bruce H. Lipton, who is a scientist turned mystic.",1,0.0,1.0,1.0
101,437737194787061760,"WARNING! Bible reading can be habit forming and will cause loss of fear and anxiety. Side effects are joy, love, peace, and contentment!",1,1.0,0.0,0.0
102,438237164208279552,"#TRAINhealth Research found improvement in sleep quality was linked w/ weight loss, meaning a flatter stomach could mean better sleep",1,1.0,0.0,1.0
108,442142644257320960,What the New HIV Breakthroughs Mean for the Future of the Disease | Healthy Living - Yahoo Shine http://t.co/f1qN57RHHO,1,0.0,1.0,1.0
109,442207643893903360,Spice up your diet for greater fat loss: http://t.co/la5L94hm8p,1,1.0,1.0,1.0
111,443670754178379777,"What will digital life look like in a decade? Some predictions, from the optimistic to mind control http://t.co/q4F7Bice83",1,0.0,1.0,1.0
112,444915993132142592,"@nma08244 Small step for man, quantum leap for particle kind! http://t.co/aVhtJyxr1Y & http://t.co/YTULs3Xoc6 http://t.co/iXTn0CjehM",1,0.0,1.0,1.0
113,445991077552865281,Determination leads to Success. Best day of my life #nowplaying,1,1.0,0.0,0.0
120,455624643052056576,Neurobiological Bases of Abnormal Aggression and Violent Behaviour http://t.co/NWDSQy95AT,1,0.0,1.0,1.0
122,458622450537074688,Dark Skin May Be A Protector Against Cancer http://t.co/lrC8Rsuyqz,1,1.0,0.0,0.0
124,461827109309399040,LEED-certified buildings are often less energy-efficient than un-certified ones: http://t.co/DXj3ez07x7,1,1.0,0.0,1.0
129,464696255738703872,5 Surprising Ways Social Media is Affecting Healthcare ~ Social Media Frontiers: http://t.co/IxuQ4hfxw5,1,1.0,0.0,0.0
131,466216322750091264,"#Beijing, #China sees significant increase of armed #police presence on streets http://t.co/HaTeA4kg08",1,1.0,0.0,0.0
133,466592730802429952,"UK population is eating too much sugar, saturated fat and salt https://t.co/jqqJ8TBWGI",1,1.0,1.0,1.0
138,473924366242021376,@SenatorParker New York State must not set a precedent of passing laws that support quackery. Here's a great post: http://t.co/atM6hdDzMq,1,0.0,1.0,1.0
145,483587157677064192,"The who, what, when, where, and why of the @BloombergCities & @nesta_uk #Iteams research http://t.co/1tCfbw4QPI #innovation #publicsector",1,0.0,0.0,1.0
154,488042032825663488,üá∫üá∏ CBS: Census Data Show U.S. Doesn't Have Shortage of STEM Workers http://t.co/bhPpXhGcYI #WIUNION,1,1.0,1.0,1.0
160,490727800832151552,Adversity causes some men to break; others to break records.,1,1.0,0.0,0.0
170,496963334198292480,"""Take aspirin every day for 10 years and cut your chance of bowel/stomach cancer but increase your chance of a stroke or internal bleeding.""",1,1.0,0.0,0.0
176,503669627851780096,A new study suggests that marijuana increases positivity and reduces the negativity in emotional processing.,1,1.0,0.0,1.0
177,504475144799399936,Overthinking leads to negative thoughts.,1,1.0,0.0,0.0
178,504923849348378625,"Furthermore, drinking more water alone actually aids in losing weight.",1,1.0,0.0,0.0
179,505360614370586626,Desperate climate scam scientists explain away record high Antarctic sea ice extent as being caused by global warming http://t.co/WyqS6AzLIY,1,1.0,1.0,1.0
182,509058030869413888,"What is the aggregate economic rate of return to foreign #aid? | Channing Arndt, Sam Jones, and Finn Tarp, WIDER http://t.co/xAikUtglDp",1,1.0,1.0,1.0
183,509873947156807680,"Concussion 'breathalyser' proposed http://t.co/n7T5NeBAdV Published September 11, 2014 at 01:46AM",1,0.0,1.0,1.0
186,512605990953697280,This #ImplementationScience article describes an intervention program aimed at reducing late life depression symptom‚Ä¶/buff.ly/1tWWwz9,1,0.0,1.0,1.0
190,514933598982389760,also cancer is virtually incurable bc all cancers are different :),1,1.0,0.0,0.0
200,521767676302356480,Is Ebola a health care system mishap?,1,1.0,0.0,0.0
208,527823873799385088,Lupus Research Institute Awards $1-Million Grants to Discover What Causes Lupus http://t.co/aXopNmLyI7,1,0.0,0.0,1.0
210,531600924217999361,Did you know that what you eat can affect your productivity level? http://t.co/oiCH1IuAVO,1,1.0,1.0,1.0
214,534563454095728640,Perfect teeth are a turn on,1,1.0,0.0,0.0
215,534584777257390081,"A fifth of US high school students use tobacco, finds survey http://t.co/CDEj38byNb",1,1.0,1.0,1.0
217,535871782910459904,Excessive drinking for women: 4 drinks on one occasion.. OEI!! Most Heavy Drinkers Are Not Alcoholics http://t.co/7pBOCFTpr8,1,1.0,1.0,1.0
220,544215268353134595,"Hearingloss occurs gradually with age, but could #Diabetes play a role?http://t.co/irLwmmbzxB http://t.co/4N0hqex5U1 RT",1,1.0,0.0,1.0
228,551868891665022977,Climate Change will Cause Irreversible Impacts If Action is Not Taken: IPCC ... - Nature World News http://t.co/2B9P2oZ3zG,1,1.0,1.0,1.0
239,559050705374154752,".@Oprah Nuclear weapons are a real, deadly problem that entire popul. of world must deal with http://t.co/6SEM76ud2c #SaveFukuChildren",1,1.0,0.0,0.0
242,560029371470471168,"The macroeconomic impact of micro-interventions is an important reason why poverty has persisted, despite ... http://t.co/GWfKI78PcY",1,1.0,0.0,0.0
244,562411971963015168,"Big Data, Big Obstacles: Towards a social science of #bigdata. TY @daltonconley et al. http://t.co/6nP0fiAz1j ‚Ä¶ @data_society",1,0.0,1.0,1.0
248,567527141903187968,Why Depression Is Underreported In Men http://t.co/wjMzvnOegD,1,1.0,1.0,1.0
252,568800068360282112,The House science committee anti-NSF witch hunt is now demanding information on grants in the physical sciences. http://t.co/2tfH4XUeLk,1,0.0,0.0,1.0
253,570597474072727552,Coping with levels of explanation in the behavioral sciences https://t.co/C2p0fms0iw,1,0.0,1.0,1.0
254,572172464580517889,Check out B HEALING STONE & MAGNET PILLOW (THERPIC)HELPS STOP PAIN IN THE BODY http://t.co/3V9oG2aeHV via @eBay,1,1.0,0.0,0.0
255,573496486501154816,Diabetes Research and New Registry Aim to Improve Outcomes http://t.co/7bHFBRepxv #NCDR,1,0.0,1.0,1.0
257,575080590958964736,"Psychedelic drug use could reduce psychological distress, suicidal thinking #science http://t.co/Ft1kMPSZaC http://t.co/0VFGsmv3d6",1,1.0,1.0,1.0
259,576144390755786753,"Cassini confirms hydrothermal activity in ocean on Saturn's moon: Brooks HaysWASHINGTON, March 12 (UPI) -- NAS... http://t.co/JfyHeHtLCP",1,1.0,1.0,1.0
261,577264538376151040,"People with sight loss can face at least 25% higher costs for everyday living, says new study http://t.co/c7wfVnwQ1Y",1,1.0,1.0,1.0
263,578540328224845824,"via @medical_xpress A new in vitro (test tube) study, ""Dietary functional benefits of Bartlet... http://t.co/Qv1C1GjQin #UFO4UBlogHealth",1,0.0,1.0,1.0
266,580972622399291392,European Union and Turkey in the Post Arab Spring Era: Mapping Strategic Interests in the Turbulent Neighborhood: http://t.co/sKWSmSL9QI,1,0.0,1.0,1.0
269,586476458907959296,Companies report 48% increase in attempted cyber security breaches http://t.co/wUdCJb7y8v #DGInsights #cybersecurity http://t.co/a38n3hZg70,1,1.0,0.0,0.0
270,586896526837972992,"Study: Shifts in electricity generation spur net job growth, but coal jobs decline - via @DukeU http://t.co/AXGmKUPata",1,1.0,1.0,1.0
274,589534492395704320,coumadin decreased sex drive men http://t.co/zfRNn4MMc6,1,1.0,0.0,0.0
280,596312357640474624,Can organic feed the world? http://t.co/8YJnht4Fi7,1,1.0,1.0,1.0
281,597534145808605184,"More Sex Doesn‚Äôt Lead To More Happiness, Reveals New Study. Surprised? ‚Äì Tech Times http://t.co/jtKodFKWmV",1,1.0,0.0,0.0
283,599179022552145920,"3mo after #DressGate, 3 research teams explore the science behind the #blueandblack / #whiteandgold dress http://t.co/7FwbJg0RpG @nytimes",1,0.0,1.0,1.0
286,601024654765985792,#MSGDonated4Million to support the research of Thalassemia & AIDS cure,1,0.0,0.0,1.0
289,602178954267525122,"#PhysicalActivity is imp at every age, esp bc it can help strengthen bones & muscles & prevent falls. #ActiveAgeing http://t.co/B7gXec7gCG",1,1.0,0.0,0.0
291,605701936592109568,'Virgin-born' sawfish are a first in the wild http://t.co/Y2FfBiJtCe http://t.co/IWS4Cpp2au,1,1.0,1.0,1.0
296,610995064030953472,Beauty Tips : Blood Sugar Support Cardiovascular Health Dietary Supplement (6 Bottles) http://t.co/bp6W50L2yX #892,1,1.0,0.0,0.0
298,611615660393799680,"Near-fasting for 5 days a month reduces body fat, study finds (w/link): http://t.co/aTs1ZzTJKZ http://t.co/hhZDyVEPCy",1,1.0,1.0,1.0
299,614254522320334852,Treatment of #MetastaticColorectalCancer: focus on #panitumumab: http://t.co/COfHoJfk63 http://t.co/rmP7WnSmMy,1,0.0,1.0,1.0
306,617298758997381120,Pain changes people,1,1.0,0.0,0.0
308,618440645691113473,The earth sciences examine the structure and composition of our planet http://t.co/jMUTEs8dUv,1,1.0,0.0,1.0
310,621383456921141252,"The carbon footprint of a glass of milk has shrunk by 2/3 in the last 50 years due to improved health, nutrition, and genetics #JAM2015",1,1.0,0.0,0.0
322,626275995646062592,#Deals : New Improved Unique Color Therapy Lamps Light Promotes Wellness Health http://t.co/NJTKhFgizu #Beauty ‚Ä¶ http://t.co/u65daPcbA6,1,1.0,0.0,0.0
325,628264846497292288,"""The brain is extraordinarily good at alerting us to threats"". http://t.co/mfqFaO0Wpn",1,1.0,1.0,1.0
326,628611128260608000,Why might women feel temperature differently to men?: Why might women feel temperature differently to men? http://t.co/vXGjFO55aw,1,1.0,1.0,1.0
329,631725730326552576,"Weed: Good for the Bones? YES! by Stephanie Pappas, Live Science Contributor http://t.co/L4pERvnmmo http://t.co/pPBGZwZLBG",1,1.0,1.0,1.0
330,631828683704172545,Farting helps reduce high blood pressure and is good for your health. Isn‚Äôt it funny and healthy? ÔÅä http://t.co/aiAnQvFfiW #physio #herts,1,1.0,0.0,0.0
334,635545969057222656,#ClimateChange & rising temps increase #health #risks in several ways: http://t.co/k83V1EJCHU #climateaction http://t.co/MOzNKxzGmS,1,1.0,1.0,1.0
341,647419303193501699,Understanding public perceptions of risk regarding outdoor pet cats to inform #conservation action: #AcceptedArticle http://t.co/l5F4yfEVs6,1,0.0,1.0,1.0
344,650847249174433793,"The happier you are, the less sleep you require to function in everyday life. Sadness increases the urge to sleep more.",1,1.0,0.0,0.0
347,653391282455232513,"High school does, in fact ,change people.",1,1.0,0.0,0.0
355,660967121766125568,#EurekaMag Development of monozoic forms of Echinococcus granulosus during in vitro culture https://t.co/vJ0jFgS586,1,0.0,1.0,1.0
357,661310677206855680,George #Boole Boolean logic inventor b OTD 1815: his Cork plaque https://t.co/y20LI0xGyQ #Boole200 @georgeboole200 https://t.co/3Ufu08KrrW,1,0.0,0.0,1.0
358,662067619055341569,#EurekaMag Culture of Schistosoma haematobium and the effects of immune sera in vitro https://t.co/fBCbuazCgI,1,0.0,1.0,1.0
360,662527981668007936,#EurekaMag Consumption and fate of aflatoxin B1 by lactating cows https://t.co/uhkkIHRBkN,1,0.0,1.0,1.0
368,666597421250580480,PTSD Twice As Likely For... https://t.co/zjwenFdkb2 #conscioushealthsolutions #health,1,0.0,1.0,1.0
370,668789221910441984,Study finds less than 6% of Earth's modern groundwater is renewable within a human lifetime -- Earth Changes -- https://t.co/bAXoUJvjW4,1,1.0,1.0,1.0
374,673022776182112257,The low sun angle and the reflective surface of the fresh snow slowing the melting process of the snowpack #ndwx https://t.co/tIG2TYSw91,1,1.0,0.0,0.0
376,674730542529687552,How will #climatechange affect food security? https://t.co/Ns7eyq9Pn5 #COP21 https://t.co/eleF4SDNdM,1,1.0,1.0,1.0
379,676125881681727488,"VIDEO: Dr. Keith Flaherty talks about the genetics of cancer, #targetedtherapy, #clinicaltrials, precision medicine https://t.co/oFjd4YEEZe",1,0.0,0.0,1.0
382,679003730923122688,"Speaking of galaxies, the Milky Way is now visible in @ESA/@NASA SOHO/LASCO images https://t.co/4iHU09D3yg https://t.co/WQXD6DUtvR",1,1.0,1.0,1.0
383,679303205356965888,"mActive study uses personalized texts, pedometers, and smartphones to increase physical activity https://t.co/PuAQlBvECi #activitytracker ‚Ä¶",1,1.0,1.0,1.0
387,683181686679552001,PROOF That Gun Bans Increase Murder Rates https://t.co/ogYX8lB3xN... https://t.co/Fcq5UNTRhH|mM,1,1.0,0.0,0.0
389,683858206930505728,"#EurekaMag Thirteenth Swedish Weed Conference, 1972 https://t.co/tSYYKvd2Sj",1,0.0,1.0,1.0
390,684046522799894529,#EurekaMag Thematic roles in aphasia Conceptual knowledge and linguistic assignment https://t.co/10js6q7W2d,1,0.0,1.0,1.0
391,684857088103727104,Bayes Theorem:What's the big deal? https://t.co/C1maXnHEUN https://t.co/XTHSiSjzHY,1,0.0,1.0,1.0
392,685064182602018816,Upright positions in the first stage of labour reduces the duration of labour and the risk of C-section https://t.co/Xua1F6CqUz,1,1.0,1.0,1.0
393,685152147202293760,"Hard work NEVER fails, start working, stop complaining. If you work for it, you'll appreciate it! üíØ",1,1.0,0.0,0.0
394,685469159430336512,#EurekaMag The eclosion hormone its release by the brain and its action on the central nervous system of silk moths https://t.co/KxuniG4ewC,1,1.0,1.0,1.0
395,685644296754565120,#EurekaMag Cucumber mosaic virus-associated RNA 5 II. in vitro translation in a wheat germ protein-synthesis system https://t.co/A6WamUnKXP,1,0.0,1.0,1.0
396,686166231758442496,"#Severe fibromyalgia symptoms linked to obesity, weight gain - https://t.co/NZG7iqYpas https://t.co/rnTKnmhL2V",1,1.0,0.0,0.0
397,686914667562704896,#EurekaMag Chromosome relationships between Lolium and Festuca (Gramineae) https://t.co/cDdkYLazpP,1,0.0,1.0,1.0
398,688865694222401537,#EurekaMag Binding of vitamin B12-rat transcobalamin II and free vitamin B12 to plasma membranes isolated from rat‚Ä¶ https://t.co/LFEIM7JaJB,1,0.0,1.0,1.0
402,689938236442087424,Did you know that #HighBloodPressure causes #ErectileDysfunction? #menshealth https://t.co/uCUE9RKgUO https://t.co/nkrP6hsLMl,1,1.0,0.0,0.0
403,690681618109870082,#EurekaMag Influence of dietary protein on susceptibility to alert downer syndrome https://t.co/WbFOCqvmY9,1,1.0,1.0,1.0
405,691530977256943616,#EurekaMag In vitro translation of the long-lived messenger ribonucleic acid of dry seeds https://t.co/hwyHPiOoV8,1,0.0,1.0,1.0
410,697437874304581633,Interesting work being done in Boston to identify the ways cancers develop: https://t.co/b09uqZ2dJ1. #beatcancer #melanoma,1,0.0,1.0,1.0
414,699396541967134721,A good pass often leads to a good shot. The extra pass often leads to a great shot. #Selfless #Assist,1,1.0,0.0,0.0
416,704232939643662337,We've all got an extra day! What'll you do with yours? Why not read Susheila Nasta's intro to our latest issue: https://t.co/xcK5UawcNH,1,0.0,1.0,1.0
417,704433912022331392,"are putting survivors‚Äô lives and health at risk,‚Äù says the report, Return to Abuser https://t.co/KZapTjeRNx",1,0.0,1.0,1.0
419,704636168210673665,Proper preparation prevents poor performance,1,1.0,0.0,0.0
420,705329755093135360,Magnetic resonance imaging findings in giant cell arteritis https://t.co/OsXoRZ7Jbq #oftalmologia,1,0.0,1.0,1.0
425,707972018344431616,Brexit: the implications for life sciences https://t.co/9U7iNYwouw,1,0.0,0.0,1.0
426,708337071069462529,"Strawberries May Help Prevent Type 2 Diabetes, Says Study https://t.co/sUBh7GEGCV",1,1.0,1.0,1.0
429,710072387220475904,CGA for the non-specialist https://t.co/YJ5vkn7QE1 from @JohnGladman1 @adamgordon1978 #rcpeCoE16,1,0.0,1.0,1.0
431,710962814018568193,How is @UChicagoIME shaping the future of science? Find out on April 6: https://t.co/bUwFwv58SO https://t.co/tLCunXaU4n,1,0.0,0.0,1.0
432,712280970926415872,Mechanism of Metformin: A Tale of Two Sites (Free) https://t.co/QBiMMqPIQt,1,0.0,1.0,1.0
433,712710761240350720,Violence is a leading cause of death for Americans 10-24 yrs old. @NICHD_NIH research on youth violence prevention https://t.co/9ZD58zGUhI,1,1.0,1.0,1.0
435,714752339819757568,In @sciencemagazine: Rare variant found that raises HDL cholesterol and increases risk of coronary heart disease: https://t.co/4xpL3KlGy9,1,1.0,1.0,1.0
437,715051441631547392,Going vegetarian 'could save lives and the planet' https://t.co/gOabJw79hw,1,1.0,1.0,1.0
438,715088923232317440,Nanotechnology the new weapon in fighting cancer? https://t.co/KsP8rk4THD,1,1.0,1.0,1.0
442,718177685701332992,"Did someone ask for a giant, bone-crushing weasel relative? (extinct, thankfully!) https://t.co/bTEMhBJVfd @PLOSONE https://t.co/gMq7iz9tgZ",1,0.0,1.0,1.0
443,718529188525961216,How Employment Can Change the Life of Someone with a Disability https://t.co/VxAtaX7qi5,1,1.0,0.0,0.0
445,724305652646961152,Benefits of music: - Stress relief - Boost immunity - Reduce heart disease - Enhances emotional strength - Boost self esteem,1,1.0,0.0,0.0
448,724947320211648512,Volume Caps Pills Male Sex Enhancement Increase Semen Massive Load More Libido - Bid Now! ‚Ä¶ https://t.co/hV5lrIMrSc https://t.co/bUwQvoOKV4,1,1.0,0.0,0.0
449,724974398617214976,Despite their small brains ravens and crows are just as clever as chimps https://t.co/yr8EVMRaLE,1,1.0,1.0,1.0
455,730415702281170944,Highway noise deters communication between birds https://t.co/dB9He0XZhk,1,1.0,1.0,1.0
456,730683743388766208,"Women should not be worried men doing the same job are higher paid, according to this report | via @telegraphnews https://t.co/wEal6Ptv7O",1,1.0,1.0,1.0
460,732630765050204160,"According to one study, men feel a decrease in sexual attraction from the scent of tears.",1,1.0,0.0,1.0
465,736750226510389248,"The Strange, Familiar, and Forgotten ‚Äî fascinating read on consciousness, memory, and how our sense of self arises https://t.co/McMTtLOe6m",1,0.0,1.0,1.0
472,739700826453741568,#Renewableenergy surges to record levels around the world https://t.co/3Rc7DEHFFt https://t.co/LulCqDi8DS,1,1.0,1.0,1.0
476,742368248600002560,"The War On Science: What It Is And How To Win It [Greg Laden's Blog]: Thinker, writer, and ind... https://t.co/n0R0dmssXQ #Science #nTLD",1,0.0,0.0,1.0
479,742975214720552961,Topical application of antiretroviral drug combination prevents transmission of (S)HIV https://t.co/n5ii2xLwTB https://t.co/CBGbo4RyvV,1,1.0,1.0,1.0
483,746095998754136064,How one state is becoming a leader in managing revenue volatility: https://t.co/rJ9qbNo6HB https://t.co/hgbaqkMQOO,1,0.0,1.0,1.0
493,755347804311072768,Q: Is there a connection between shellfish allergies and iodine? - Wilderness Medical Associates International https://t.co/4TM0FP7GQb,1,1.0,0.0,0.0
498,759596994008641536,Adverse #Effects #Of #Marijuana #Cannabis #Seeds #Sale #How #To #Grow #Cannabis #Indoors https://t.co/F2rvT9UTS0,1,1.0,0.0,0.0
499,763136159472087040,The Incredible Brain Of Simone Biles https://t.co/wfjMKUB7pE https://t.co/H2Z4YEPmEL https://t.co/cFzPASgtDU,1,0.0,1.0,1.0
500,764815992199475200,How SARS in China helped ramp up the US medical intelligence program https://t.co/Oc5dst8xYq,1,1.0,0.0,1.0
502,764986742118113281,Reading facebook comments for 20 minutes is scientifically proven to drop your IQ by more than 52%.,1,1.0,0.0,0.0
503,769465842278866944,"Change is essential for growth, but if we‚Äôre not under leadership of Holy Spirit, what will we become? https://t.co/9YvxyLUKXV",1,1.0,0.0,0.0
506,771040787572387841,This technology will stop snoring forever! https://t.co/5UMpF8n4bH,1,1.0,0.0,0.0
511,773851222902206465,Danish data and fantastic Australian collaborators to look at traumatic versus non-traumatic neck pain https://t.co/fwPcSyUdPC,1,0.0,1.0,1.0
527,783684869314400256,Cooling Therapy Might Not Help All Cardiac Arrest Patients https://t.co/4oNE2klZne,1,1.0,0.0,0.0
530,785285499598544896,Empowering peace: service provision and state legitimacy in #Nepal‚Äôs peace-building process https://t.co/V9D27wEMTD https://t.co/N1M2WNSIhh,1,0.0,1.0,1.0
542,789744902741561345,Matt Ridley: Climate policy is doing more harm than good https://t.co/L1MNlzi56d,1,1.0,0.0,0.0
547,795078113868783616,The number of lies told by men would decrease significantly if women stopped asking questions,1,1.0,0.0,0.0
548,795710160933126144,#Sepsis is a complication of infection that can be deadly. @ElanaGlow reports more here: https://t.co/f7NQDpBd0S via @medicaldaily,1,1.0,1.0,1.0
549,795711462819983360,Collaborative Care & Support Planning a key approach to respond to people with multimorbidity @rcgp https://t.co/taHBZZVYcl,1,1.0,1.0,1.0
550,798547230353489920,RT BBCScienceNews: Database helps plant 'right tree for the right place' https://t.co/NTNueGclGg,1,1.0,1.0,1.0
558,804268948875345920,Indian real estate to see an increase of 4.2 mn units across 8 cities in the next 5 years ¬ª https://t.co/wFX4fWcUyk,1,1.0,0.0,0.0
559,804695983544221696,Five ways subscription box services can increase customer retention https://t.co/dkcJywo5yL,1,1.0,0.0,0.0
560,805588979416371200,"So what was Israels reason for attacks, murder and destruction of the Palestinian people before 1982? SIMPLY HATE AND ETHNIC CLEANSING https://t.co/hLlBuxWvcU",1,1.0,0.0,0.0
561,806585328740036609,Up and https://t.co/N2QjTJQ8tU,1,0.0,1.0,1.0
563,808672080690483200,What satellites can tell us about how animals will fare in a changing climate - @NASA https://t.co/HJdka2hiSu #ClimateChange #biodiversity https://t.co/obxUKQ3U91,1,0.0,1.0,1.0
567,811684851619241984,Engineering rice to waste less fertilizer https://t.co/DfON6CoJ2e https://t.co/2wljBDXpFH,1,0.0,1.0,1.0
568,814338973665476609,"RT HealingMB: Stressed? Stretching reduces stress, increasing circulation, reducing pain etc #Healing #Yoga... https://t.co/XTyqkcaSBt",1,1.0,0.0,0.0
571,818219492887199745,Pain changes people.,1,1.0,0.0,0.0
575,820156074930081792,"The happier you are, the less sleep you require to function in everyday life. Sadness increases the urge to sleep more.",1,1.0,0.0,0.0
576,821435427571658753,"Harvard research estimates #ACA repeal will cause 27,000 people to die every year who otherwise would have lived. https://t.co/CNDC574pYd",1,1.0,1.0,1.0
578,823658050833805313,Do conservatives know that legally taking away abortion isn't going to actually stop people from getting abortions?,1,1.0,0.0,0.0
580,825716354585997312,China: The Struggle at the Top | by Andrew J. Nathan | The New York Review of Books https://t.co/DWY8QNvvxg,1,0.0,1.0,1.0
587,832017314908405760,#prnewswire Additional results from pivotal RA-BEAM study published in New England https://t.co/C2iSu6FTEi,1,0.0,1.0,1.0
593,835545584400498688,Innovation - Infection Control - Mathematics supports a new way to classify viruses based on structure: https://t.co/LnptAW3iii,1,1.0,1.0,1.0
597,837671647721177088,Future medical perspectives: Gut bacteria will revolutionise #medicine https://t.co/nAmZqZ4UY6 @Metabolcenter @NEJM @ScienceNordic https://t.co/O8W8BgyUAb,1,1.0,1.0,1.0
600,839139914176479232,#10: RapidKetosis Premium Exogenous Ketone Supplement - Weight Loss Was Never Easier‚Ä¶ https://t.co/OoRJlk58BA #Prepared #Foods,1,1.0,0.0,0.0
602,839281326121443329,(3) Fear of illness because of poverty is a national disgrace. It also causes huge numbers to live in a perpetual state of stress.,1,1.0,0.0,0.0
608,845994048796180482,Methane Hydrate: Killer cause of Earth's greatest mass extinction https://t.co/oqnlFrU51i warning: #Elsevier (malicious company),1,1.0,1.0,1.0
610,848697042692169728,The power of science!!!! This is amazing. https://t.co/vXH2gnRTrP,1,0.0,1.0,1.0
611,850025269234741253,Is feminism getting closer to #neoliberalism & #capitalism today than the 70s? Nanette Funk challenges Nancy Fraser https://t.co/l0eTgsE53a,1,1.0,1.0,1.0
615,854729466861559808,Myth: Warm Up can Increase Vertical Jump! True or False? #nba See at : https://t.co/ZjGHyzRNGd https://t.co/jHDDRcxYnb,1,1.0,0.0,0.0
617,855333006227103744,Seeking perfection in trading leads to massive losses https://t.co/VacaxTq2zE,1,1.0,0.0,0.0
618,857656545974398976,student athletes are a different species https://t.co/vDa7gpwZgk,1,1.0,0.0,0.0
626,862030957385310208,Lack of free will and unwillingness to exercise it are functionally equivalent.,1,1.0,0.0,0.0
627,862982829214507010,This story will tear you apart: The Last Person You‚Äôd Expect to Die in Childbirth https://t.co/2gGPOVUiv9,1,0.0,1.0,1.0
634,864895567956029440,Want to fight homelessness? Prevent displacement. Research on San Mateo County out today: https://t.co/VerZkDs2jI via @UCBDisplacement,1,1.0,1.0,1.0
638,867767699908075520,"Cycling is SAFE, it's the infrastructure & cars that are dangerous. #BicycleEquity Let's control the narrative! https://t.co/qEuuTxitj7",1,1.0,1.0,1.0
642,873937360127275008,@ColinKahl There has been a sharp increase in reported abuse of travellers - particularly non-whites - by CBP & ICE personnel. https://t.co/sVIYIvMNTk,1,1.0,0.0,0.0
646,878021959518363648,"European markets are a better investment than US markets, analyst says https://t.co/APHnvJROtc #Stock #Market https://t.co/ykYySyP5vH",1,1.0,0.0,0.0
655,880400448645156865,The Rise of bilingual #sciencejournalism #ECSJ2017 @jarimakinen @nuriajar @swaforini @fedkukso https://t.co/3P7gdyQUyb,1,0.0,0.0,1.0
662,886673109964685312,Does Stress Worsen Chemical Harms in Pregnancy? https://t.co/Rq4HC2fMXU,1,1.0,1.0,1.0
663,887050236530765825,Keep checking in on latest @ealcs1 articles. Soon roundtable on @G_A_Musila's landmark book!#MyTwitterAnniversary https://t.co/T3MqpEjemP https://t.co/AWzGFaGcOE,1,0.0,0.0,1.0
664,887340687343067136,Study finds increasing patient engagement can lower adverse events in an ICU setting: https://t.co/3InryC0kuv #ptsafety #patientengagement,1,1.0,1.0,1.0
679,897959625504559104,Why the definition of polycystic ovary syndrome harms women https://t.co/ohHp3Llt8y #sciencepolicy,1,1.0,1.0,1.0
682,899206910846664706,@blynntopsfield wow lots of cancer research supports trump - no surprise,1,0.0,0.0,1.0
683,899488800287727617,gratitude is a killer antidepressant,1,1.0,0.0,0.0
695,909531164981022723,This post will show you why it‚Äôs a real mistake to count on a cellphone when you go hiking. https://t.co/uGwCWHoipp,1,0.0,1.0,1.0
700,913722549770637312,"Science, Meaning and the Imagination: How can we bring the human being back into our science? https://t.co/8tBo3aLRJK https://t.co/1Xezcj7Cci",1,0.0,0.0,1.0
709,918300443805126656,Combination treatment targeting glucose in advanced brain cancer shows promising results in‚Ä¶ https://t.co/hLvMiI9nWb https://t.co/G4Qtt83sJl,1,1.0,1.0,1.0
710,919340097409028096,82% of Americans support a pathway to citizenship! We have to remove the fear & #ProtectDREAMErs now. #AxeFiles,1,1.0,0.0,0.0
715,921978919720325121,Will export control of exploits by Waassenaar signatories prevent catastrophic cyberwar? #ruxpanel,1,1.0,0.0,0.0
717,922800768448475138,Scientists unlock mysteries of how Ebola uses people's immune defenses to cause infection #Scientist #ebola #defense https://t.co/PggtmAR6zN,1,1.0,1.0,1.0
719,923830419270897664,"In developing countries, education is strongly tied to one's parents‚Äô education, more so than in the developed world https://t.co/v7ymac4IFh https://t.co/rISn9v59Eb",1,1.0,1.0,1.0
722,926199455652687874,Scientists Link Pancreatic Cancer Survival to Four Genes https://t.co/AeSy21OlP6,1,1.0,1.0,1.0
725,927672334470844417,how u treat others will reflect on how u feel,1,1.0,0.0,0.0
727,930058717906833408,Inclusion health: addressing the causes of the causes #SDOH @MichaelMarmot https://t.co/5FuQRe35rT,1,0.0,1.0,1.0
729,931215318197907457,"Florence & Herbert Irving have given $700 million to @Columbia & @nyphospital to dramatically advance #cancer research & treatment, building on 3 decades of support for @ColumbiaMed & @columbiacancer https://t.co/Ql7o8H7Q5J",1,0.0,0.0,1.0
730,931419459193065472,Optical Sensors Can Shed Light on Particle Dynamics in the Ocean by Sarah Lou Carolin Giering https://t.co/x4ilGl9NCq #marinebiology #oceanography #opticalsensors #ocean #climatechange,1,1.0,1.0,1.0
731,931946740743327749,#Parkinsons People | The biotech company Acorda Therapeutics Inc. yesterday announced that it was halting new recruitment for the phase III program of its drug Tozadenant (an oral adenosine A2a receptor antagonist). In‚Ä¶ https://t.co/dRBbNw8aWA https://t.co/lVxWFjBC3e,1,0.0,1.0,1.0
737,933934389024538624,Editorial Overview: Hollow and Porous Materials for Lithium-Ion Battery Anode by Manab Kundu* in Juniper Online Journal Material Science https://t.co/PVxa5hHyB4,1,0.0,1.0,1.0
738,934472788907212801,Is @ONgov going to pay for the increased #ONhealth care required to care for a 4-fold rise expected in teenage marijuana-intoxication after pot-legalization comes into effect? Colorado‚Äôs experience raises alarms that #ONpoli can‚Äôt afford to ignore. https://t.co/msm2ODcdG5,1,1.0,0.0,0.0
741,935891140875837440,Delaying hip fracture surgery for 1 day tied to slightly higher mortality risk https://t.co/YrMEfiUZJy @JAMA_current https://t.co/KvM67kV1pu,1,1.0,1.0,1.0
745,938564334418120705,suicide is now the third leading cause of death among African Americans between the ages of 15 to 24,1,1.0,0.0,0.0
746,940311983437570049,".@USAGSessions #Opioids, #Erectile dysfunction, #Hypertension, #Depression, Common denominator? See: Nitrogen Narcosis, https://t.co/m69noncKYd , Erectile dysfunction. https://t.co/emkCW2IAoa , https://t.co/2o1cAllwGN , one-new-drug-multiple-med-uses https://t.co/rlt5VnUXfm https://t.co/i0ODEbpFPj",1,1.0,1.0,1.0
747,940635650746978305,The Arctic is getting warmer twice as fast as the rest of the planet. And that could cause more drought in California https://t.co/32Rwk7k2el https://t.co/vGawmL0vSS,1,1.0,1.0,1.0
748,940684900109307904,"October 19, 2017: ""Stem Cell Studies Build Momentum toward Therapy for Age-Associated Frailty"" | Miller School of Medicine | University of Miami https://t.co/4PlKngvGj4 via @UMiamiMedicine #longevity #antiaging #stemcells",1,1.0,1.0,1.0
749,941861778178363394,"The forbidden words are ‚Äúvulnerable,‚Äù ‚Äúentitlement,‚Äù ‚Äúdiversity,‚Äù ‚Äútransgender,‚Äù ‚Äúfetus,‚Äù ‚Äúevidence-based‚Äù and ‚Äúscience-based.‚Äù https://t.co/6Olvpyz5JR",1,0.0,0.0,1.0
751,943208079038001153,Smoke-free laws might actually be curbing the number of lung cancer cases! https://t.co/sHYKOfnkLf,1,1.0,1.0,1.0
753,945702498295209984,The history of 'imperfect children': special issue of @SSHMedicine with free article on ADHD around the world by @mpcsmith https://t.co/kjsmhlE2Xj,1,0.0,1.0,1.0
759,951053751187488769,Green Manuring to a Better Soil Physical Condition by Akingbola OO* and Dayo-Olagbende GO* in Agricultural Research & Technology: Open Access Journal (ARTOAJ) https://t.co/rzxxCsZAjq https://t.co/OLNOSLWpFU,1,1.0,1.0,1.0
766,958008792637112321,Ottawa Charter still important to guide>>>https://t.co/zfldC2IghL https://t.co/RxTeqaq4sh,1,0.0,1.0,1.0
767,958293075029385216,Gender Discrimination in Science Is Especially Common https://t.co/o8rITBjcSs A new @pewresearch report shows women face more workplace hurdles in STEM jobs than in non-STEM jobs. Via @500womensci https://t.co/IKjDV9hsNz,1,1.0,1.0,1.0
772,961425512311738368,Perhaps most maddening is that there are actually people who know that ecigarettes are not as harmful as cigarettes who nonetheless consider this a success. https://t.co/MxpzBED1W7,1,1.0,1.0,1.0
775,965199704177938432,This conference on mental health nursing takes place in September in Manchester #MHRN2018 - open for submissions - deadline 27 April https://t.co/juOH84CdEo,1,0.0,0.0,1.0
779,971041555875352576,"From March 5 - 9 @FieldsInstitute's workshop on human-environment systems brings together researchers presenting advances on how to protect biodiversity, control species invasions, create resilient ecosystems, and much more. https://t.co/azsmfF9Zda https://t.co/kTUFZCOng0",1,0.0,0.0,1.0
782,974022288365547520,Using a ‚ÄúCookie‚Äù Mentality to Increase Patient Satisfaction and Collect More Payments #techblogs #startups https://t.co/MKoYE4Rlum,1,1.0,0.0,0.0
784,974366513732894721,"Study: Marijuana Decriminalization Leads To Decreased Arrests, No Increase In Youth Use https://t.co/wzajo7UDKr",1,1.0,1.0,1.0
789,978692611358806016,And the winners of the 2018 Five College DataFest are: https://t.co/mQI0Yg6qIC #asadatafest,1,0.0,0.0,1.0
793,982392279456473088,How to gain twice as much as your opponent in a repeated Prisoner's Dilemma https://t.co/KM1OHHvBhe @chilbe3 https://t.co/aMM3OVcO1D,1,0.0,1.0,1.0
795,983345042721931269,"Just touched down in Japan to visit Fukushima. One of the most surprising things I've learned is about non-radiation related harms, often due to misunderstandings *of* radiation. Social determinants of health are ignored, to everyone's peril. So complex. https://t.co/ehy4uJvkjx https://t.co/fOAojXm1UJ",1,0.0,1.0,1.0
798,984451886647529472,It's not your fitness tracker -- it's you https://t.co/HXZUORH9Yc https://t.co/C2gFbkiGR2,1,0.0,1.0,1.0
801,985580208924307456,"Thank you Drs. @dgarmstrong and @bijan_najafi for your guidance! A true honor. | Health Sensors, Smart Home Devices, and the Internet of Medical Things: An Opportunity for Dramatic Improvement in Care for the Lower Extremity Complications of Diabetes. https://t.co/3bCgUBhIRz https://t.co/EKMBlXdl3b",1,1.0,1.0,1.0
807,994427644048535552,"The essence of his philosophy was to find something that you can do well, and put your heart and soul into it. If not physics, then another passion ‚Äî bongos, perhaps. #Feynman100 https://t.co/LBCRCkfuHr",1,0.0,1.0,1.0
810,997522201913057281,"""Talking about #suicide increases the chances someone will go for help. Reaching out for help is the main message,"" said our @drthomasungar, while discussing mainstream media portrayals of #mentalhealth issues. WATCH THE VIDEO ¬ª https://t.co/zMhJyJ4a35 https://t.co/P0GPxQ6daQ",1,1.0,0.0,0.0
812,998036087229571078,"#Shame is a powerful emotion and may be experienced when recovering from an #eatingdisorder. When shame seems to be winning, counter with #selfcompassion. https://t.co/fzBo6RuF3j https://t.co/iy12blHfD4",1,1.0,0.0,0.0
814,1000441528823762944,"BREAKING: Astronaut Alan Bean, fourth man to walk on moon, dies at 86 https://t.co/LPWIb4BN3U",1,0.0,0.0,1.0
820,1008726559447027713,New study suggests ovarian hormone may make drug withdrawal symptoms worse for women https://t.co/OY2Ilc2BFF,1,1.0,1.0,1.0
821,1008891315898191872,Why female alcoholism is a time bomb https://t.co/QmPtMXrSJS via @BBC_Future,1,1.0,1.0,1.0
822,1009228722472271873,"Yan-Hong Bao, Yi-Zheng Fan, Yi Wang, Ming Zhu : A Combinatorial Method for Computing Characteristic Polynomials of Starlike Hypergraphs https://t.co/39liwIpQoT",1,0.0,1.0,1.0
823,1009906327362199552,"Beyond glycemic control, does #lifestyle modification impact development of cardiovascular disease in patients w/ #diabetes? https://t.co/RehlG5CbQM #JACC https://t.co/Ao4KE3opN3",1,1.0,1.0,1.0
833,1018187231541059586,Good advice for the too many White people who can‚Äôt seem to understand that calling the police on Black people can cause death. https://t.co/Dyqy19wN5t,1,1.0,0.0,0.0
838,1021764496392708096,New Study: Climate Change Will Cause Suicides to Spike - The Atlantic https://t.co/88vd9R8Zqm,1,1.0,1.0,1.0
839,1022709462996537344,"Donating blood not only helps others, but reduces the rate of cancer and heart disease in the donor. And can help you lose weight.",1,1.0,0.0,0.0
843,1024640058354163712,"With our current lifestyle, most of us are sleep deprived, which creates problems like mood disorders, weakened immunity, weight gain and diabetes. A review of 16 studies found that sleeping for less than 6 to 8 hours a night increases the risk of early death by as much as 12%. https://t.co/C7IO1zBm1t",1,1.0,1.0,1.0
846,1026889103709630466,"@anshulkundaje @NipsConference Would love to see MLCB as a full conference, with workshops in genomics, immunology, &c.",1,0.0,0.0,1.0
850,1031107340207116288,"Babies cannot speak so parents never know the severity of their illnesses. When a baby shows minor signs of struggling to breathe, it should be treated as an emergency. https://t.co/9leiAbvi34",1,1.0,0.0,0.0
854,1035198354962227203,"How the Brain and Personality Provide Protection Against Emotional Distress https://t.co/VYN9RBD7rV Personality traits can protect an individual's brain against symptoms of emotional distress, namely depression and anxiety. #psychology #personality #neuroscience #science",1,1.0,1.0,1.0
862,1042581032828981249,"@YvanDutil @PolAnimalAus @suckmysav @Dinkeldash @dvibrationz @CrispyCX @CJlegalBeagle @miked194765 @thefutureBigly @FredFoxyGuy @FriendsOScience @peden_c @blaubok @GillesnFio @RushhourP @HansConser @mspence6 @EthonRaptor @RegimeChangeBC @JPolov @NikolovScience @Pork_Kebab @CentralFLBoy @LifeIsThermal @prof_SJGreene @bjjuhl58 @alan_poirier @ned2au @Calimer0c0mplex @NDPnomore @SimonMaxfield8 @The_ClimateGuy @DarrenBurchill @SteveSGoddard @tigerzntl @brandondaly2018 @L_Wallace12 @StuartBirdman2 @WeiZhangAtmos @Jimmyha33 @SnakeBi14457783 @CriticalStress_ @HaddockAdhoc @Dan55645 @JohnPisulaMBA @Billybobtn @TammyJParadis @MdulaOblngotcha @drwaheeduddin @ViscountRedmund Another Nobel Laureate, Dr Kary Mullis, on the BS of AGW. ""Climatology is a joke"" https://t.co/do01dxQIC0",1,1.0,0.0,1.0
867,1045846801876766721,"States herself trauma causes norepinephrine to imprint memories on the hippocampus. Yet, can't remember anything. #ConfirmKavanaughNow https://t.co/pm2XhJOOeb",1,1.0,0.0,0.0
871,1046439010522955776,crows can memorize people‚Äôs individual gaits and faces https://t.co/0QixZGARFm https://t.co/wTcsH59VAW,1,1.0,1.0,1.0
873,1046719722694299648,"Chiropractic treatment and vision loss - In rare occurrences, forceful manipulation of the neck is linked to a damaging side effect: vision problems and bleeding inside the eye, finds the first published case report of chiropractic care leading to multip‚Ä¶ https://t.co/dKWpmCcGRd https://t.co/pok3nsCnKu",1,1.0,1.0,1.0
879,1050446156298416129,"(The Huffington Post) #Dramatic #Increase In Women Of Color As 2018 Candidates: Report : There was a 75 percent increase in women of color among nominees for Congress since 2012, a study shows. .. https://t.co/gvHI9Elazr https://t.co/31U7W3RO7s",1,1.0,0.0,0.0
880,1050544366115282944,Coffee Drinking Associated With Lower Risk of Stroke ‚û° https://t.co/UziyhDa6WE https://t.co/8qHVzTjAHV,1,1.0,0.0,0.0
883,1052016495306391553,I don‚Äôt like how much this is being promoted https://t.co/wc0FuvuJfT,1,0.0,1.0,1.0
885,1053658867538821120,"Fasting or fasting-mimicking diets (FMDs) lead to wide alterations in growth factors and in metabolite levels, generating environments that can reduce the capability of cancer cells to adapt and survive and thus improving the effects of cancer therapies. https://t.co/th6jln5Zyb",1,1.0,1.0,1.0
888,1055135863682740224,"Major new funding and a race and oral histories project for UCSD's new Institute of Arts & Humanities, a spooky events guide, tonight's (!) Vi Khi Nao reading at SDSU, and more for my first @voiceofsandiego Culture Report https://t.co/WESXjIUreb",1,0.0,0.0,1.0
894,1057494120443326466,"Firstborn women may be more likely to be overweight or obese than their later-born sisters, according to a study.",1,1.0,0.0,1.0
897,1060902346450853889,Gasdermin D Promotes AIM2 Inflammasome Activation and Is Required for Host Protection against Francisella novicida. https://t.co/nFoDPPKEts https://t.co/m4facjZVOS,1,1.0,1.0,1.0
903,1074020231293456384,Nobody wants you till they think you‚Äôre in a relationship. Ain‚Äôt that some reverse psychology shit for you üòÇ,1,1.0,0.0,0.0
907,1078774871386177537,"#OVER #HORIZON #RADAR could help to produce fast growing #contaminated and #mutated #FOOD and get rid of drinking #WATER https://t.co/ihhYTsKcVA USAID AGRO HORIZON PROJECT, f.e. or some experiments of NASA https://t.co/ztgZwQ0wBD",1,1.0,1.0,1.0
911,1084098262267621377,"Evolution doesn't apply to individuals, but to species. There's a benefit to having a certain percentage of the population remain outside of the breeding pool to devote their energies to supporting the clan by other means, such as myself, a well-to-do but dotty aunt. #atheism https://t.co/gxI0VYB5s9",1,1.0,0.0,0.0
918,1090405470936936448,This is a GREAT article about the process of archival research https://t.co/EFNiq32uEN,1,0.0,1.0,1.0
919,1090675424626040832,@DrPeterNieman Have you read about the cardiac MRI studies on marathon runners? Any concerns? I am thinking possible thinner bones better than progressive myocardial scar tissue deposits. Both concerns support the case for varied exercise and cross training?,1,1.0,0.0,1.0
921,1091820005589684224,Study: Deactivating your Facebook account is good for your mental health https://t.co/RFFThtbaju,1,1.0,1.0,1.0
925,1095741834138185729,Place stigma is a really important determinant and sustainer of health and wellbeing inequalities. I emphasised this recently in evidence to House of a Lords select committee on regenerating seaside towns @PlaceWellbeing @prosocialplace https://t.co/u8g90FIfDd via @ConversationUK,1,1.0,1.0,1.0
934,1100726830896685056,Modelling Demand-side Energy Policies for Climate Change Mitigation in the UK https://t.co/kobGrDvxeH,1,0.0,1.0,1.0
940,1103439929030397952,Please Watch & share this powerful TEDx talk by Apollo Sevant that talks about how social & emotional learning & anti bullying workshops can lead to a reduction in school bullying & violence Video Here: https://t.co/6ckcpJGaUM,1,1.0,0.0,0.0
941,1105136902481592321,RTs are a helluva drug,1,1.0,0.0,0.0
948,1110781653889089536,"Tourists watch as 18 green turtles are released into the wild on Indonesia's Bali island. The turtles - listed as endangered - were rescued from wildlife smugglers. An estimated 50,000 turtles are killed in Southeast Asia (particularly in Bali) a year, WWF reports https://t.co/RuEdd6CDb4",1,1.0,1.0,1.0
949,1111096294435520512,"Corruption of Science Contributes to Collapse of Modern Civilization - Publication Prejudice, Fraud, Deceptive Favoritism. Decade + Scientific prejudice, bias, outright deceit endemic to peer-reviewed scientific literature, especially medical, psychiatry https://t.co/QOQZjgmgVt",1,1.0,1.0,1.0
951,1112196692051320833,"RT @thakurfdn: @thakurfdn announces investigative grants for reporting in #publichealth INR 500,000 for six month reporting assignment; freedom to publish in media-house of your choice. Apply on-line starting April 20, 2019 at https://t.co/4ZBUnqrtaJ https://t.co/8ZLlaqJhM6",1,0.0,0.0,1.0
954,1113481529005608960,@DrOlufunmilayo Smoking cannabis helps with controlling the nausea that comes with chemotherapy drugs.,1,1.0,0.0,0.0
956,1115564965652574208,BioTechnology ‚Äì Efficient Stem Cells Can Grow in Animals https://t.co/W5yE3owX8R https://t.co/K24KwiCfXF,1,1.0,0.0,1.0
957,1117953601173893121,"https://t.co/Slo87kWk9Z People who use marijuana need more anesthesia during medical procedures like endoscopies or colonoscopies. A new study found that they needed 14 percent more fentanyl, 19.6 percent more midazolam, and 220.5 percent more propofol. #sciencenews https://t.co/cKZUq4glyq",1,1.0,1.0,1.0
958,1118968215512727552,.@biorxivpreprint : Primary infection with dengue or #Zika virus does not affect the severity of heterologous secondary infection in macaques. https://t.co/XxWOinyCSd https://t.co/s41FqyHpNp,1,1.0,1.0,1.0
967,1123623968462856192,@katythakkar1 @NeilWoodward20 PALM by @AndersonWinkler ‚Äî> https://t.co/fSN9cntWvB. We used it successfully for this purpose via non-parametric route. Highly recommended piece of remarkably powerful statistical inference software.,1,0.0,0.0,1.0
971,1127710139123949569,"Join us for the Franklin First UMC BioBlitz on Saturday, May 18 at the Franklin First UMC Main Campus. Here scientists, families, students, teachers, and the community work together to get a snapshot of the ""wild"" spaces of our 107-acre campus. Register: https://t.co/wM5M139iqG https://t.co/1A3Eh6gVHO",1,0.0,0.0,1.0
972,1128477362457329665,A newly discovered species of scansoriopterygid dinosaur with bat-like wings is described in Nature. This specimen provides further evidence that dinosaurs closely related to birds experimented with different wing structures near the origins of flight. https://t.co/hQTV6amDuF https://t.co/MtWeqofNEb,1,1.0,1.0,1.0
981,1139163111775232001,"‚ÄúStronger relationships lead to stronger communities. Stronger communities are what makes America, America.‚Äù Read the full story SuccessBeyond the Front Lines from @southmagazine: https://t.co/wZvIVZzyTg | #GORUCK https://t.co/1ZZHIXCeU4",1,1.0,0.0,0.0
982,1140197127387254784,"@berniewestacott Play in early years is so important. The almost complete disappearance of unregulated, unmonitored, unsupervised free play in childhood is one of the key drivers of the increase in mental health issues. Schools can help: more unsupervised play, longer breaks, longer lunch, etc",1,1.0,0.0,0.0
983,1140306029160423424,"QUOTE ‚ÄúI observed this 2,500-year-old shaman, and he had mortar that had been caked in cannabis with him. That was a remarkable find.‚Äù END QUOTE https://t.co/ZKkwI6KW0F",1,0.0,1.0,1.0
986,1141480794118152192,"Kefir Health Benefits: Kefir Milk Grains last indefinitely. Kefir evidence suggests probiotics can alleviate many digestive problems, incl. irritable bowel syndrome & ulcers from H. pylori infection BUY HERE https://t.co/UXq872e3Oq https://t.co/Omddg6LmLE",1,1.0,0.0,0.0
990,1145012175418867714,UN and EU propaganda by socialist media compares 2019 data of built surfaces with 2003 data of tampered temperature database. Fact: France has a record 50¬∞C heat wave in 1930 and similar and higher temperature in Spain etc. https://t.co/jtGv6gqhq3,1,1.0,0.0,0.0
993,1146246937034842114,"When it comes to immigration, this is often left out of the conversation: The United States‚Äôs weak gun laws not only put American lives at risk but drive illegal gun trafficking and violence in Latin America. https://t.co/TIZrZLvWlu",1,1.0,0.0,0.0
996,1148953093494779904,"A @renditionprjct report released today presents, for the first time, a comprehensive overview of the CIA‚Äôs black site network, drawing on new data derived from an unprecedented analysis of the Senate Committee's 2014 study of CIA detention. https://t.co/hUBy640ZuF",1,0.0,1.0,1.0
997,1149293343802720257,I could also add to the pile of evidence thr neurological studies on how poverty affects the brain as shiwn below. This unprecedented study shows how much of an impact the environment can make. https://t.co/is8bzNWQ3P,1,1.0,1.0,1.0
998,1149595223250485248,Posted blog with @schweitzer_va on @JAMAInternalMed study on a bundle to improve outcome in patients with community-acquired pneumonia. https://t.co/NSFsadd35G,1,0.0,1.0,1.0
1001,1150742079850442754,Race/Ethnicity and Neighborhood Characteristics Are Associated With Bystander Cardiopulmonary Resuscitation in Pediatric... https://t.co/TkSNb66VOi,1,1.0,1.0,1.0
1009,1157265068662362112,"@Hodson_Group @TheMooreLab This is true (I‚Äôm barely allowed bathroom breaks), the abstract from @NutritionSoc summer conf 2018 is available for anyone wanting a sneak peek though https://t.co/2FxIfWpGZ8",1,0.0,1.0,1.0
1011,1157736133838737410,"@colinelves @d445467j @Dmzmhm20181 @pmdfoster @LDHMarketing @BorisJohnson @Nigel_Farage @brexitparty_uk @SamCoatesSky @EU_Commission The war was caused by indoctrination. Territorial indoctrination by Argentina almost led to war with Chile in 1978, and led to the Falklands War in 1982. Falklands - Argentina's Imaginary Territory (1 pg):- https://t.co/Vz1RYrCvHH",1,1.0,1.0,1.0
1012,1158025685379756033,.@LawrenceGostin wrote this 3 years ago in @JAMA_current Sadly even more relevant today 4 reforms to address mass shootings: 1. Dedicate federal funding for research 2. Universal background checks 3. Ban assault weapons 4. Regulate firearm safety https://t.co/EH7bPN6SQ2,1,0.0,1.0,1.0
1014,1159165376472604672,Sensory neurogenesis depends on vascular-neuronal cytoneme contacts and blood flow. https://t.co/vwlwrT51Fc #Morpholino,1,1.0,1.0,1.0
1018,1164604914921873410,"@cambecc @fhuysmans @steltenpower The visualization is tremendous! But I wouldn't compare one day to another. The long-term trends are a bit more nuanced, and the data doesn't necessarily reflect what is being reported by a lot of media https://t.co/NHM8njSUCV",1,1.0,1.0,1.0
1030,1174979557473972224,Millions of children are expected to take part in a global #climatestrike today. How important is individual action in the face of climate change? https://t.co/42iVnnopG2,1,1.0,1.0,1.0
1032,1177375154562879488,"Do you load up on ""sports drinks"" to stay hydrated? Might want to reconsider after reading this study, which found that Coca Cola was actually more hydrating than Powerade. The most effective hydration options were oral rehydration solution and milk. https://t.co/ZSI6T3BoF6 https://t.co/lIIMWOVVuN",1,1.0,1.0,1.0
1033,1178718161438298112,@Tehelka Couldn‚Äôt agree more! Kudos to @narendramodi for speaking his #MannkiBaat about this. #VapeFreeFuture https://t.co/ovhCLTDufG,1,0.0,1.0,1.0
1034,1178797670305058817,.@Frontier_Usyd is hosting a Frontotemporal Dementia (FTD) Information & Support Day for Families and Carers. Hear from our academics about all the latest research and support services #USydBMC https://t.co/TFZ8lSp4pV,1,0.0,0.0,1.0
1037,1181594606754045952,"This #MentalHealthAwarenessWeek, Prof John Sheehan our Consultant in Perinatal psychiatry will be speaking about 'Managing depression & bipolar disorder in pregnancy & postpartum period' at the @aware conference this Sat. For clinicians & public alike. https://t.co/xOTCCftRBW https://t.co/CpHvZrpB7m",1,0.0,0.0,1.0
1039,1181963926134759426,Scientists identify molecule that could have helped cells survive‚Äîand thrive‚Äîon early Earth https://t.co/syWzb76wPx via @physorg_com,1,1.0,1.0,1.0
1042,1182650818345881600,My very first statnews byline Men with breast #cancer have a 19 higher mortality rate than women with the condition. Advocacy groups push for awareness and education to help combat it. httpsbuff.ly2B5PvE8√Ç: My very first statnews byline Men with breast‚Ä¶ https://t.co/uJRXR1dQog,1,1.0,0.0,0.0
1046,1187632944011272197,"This impressive new surf lake near Bristol can generate up to 1,000 waves an hour and is 100% powered by renewables.. https://t.co/GA0FQrlDsT",1,1.0,0.0,0.0
1047,1188661895948992512,Repeat after me: - Maps & No-Maps DO NOT belong in the LGBT+ - That is only comfirming established bias from anti-lgbt+ groups thus hurting our growth - Pedophilia is a form of mental disorder and IS TREATABLE. - Pedos are not oppressed. - We have the right to protect ourselves,1,1.0,0.0,0.0
1060,1199320698877071360,"""Our study found that Indigenous children whose parents promoted a strong sense of cultural identity in early childhood experienced better health and socio-emotional outcomes later in life."" https://t.co/A52Z4CqtwU",1,1.0,1.0,1.0
1062,1200818820748861440,From Discover on Google https://t.co/Q1a2EbW5qf,1,0.0,1.0,1.0
1063,1201309508342964225,#ASH19 Paper No: 2723 Sun 1/7/19 6-8 PM #BPDCN Commonly Presents in the Setting of Prior or Concomitant Hematologic Malignancies: Patient Characteristics and Outcomes in the Rapidly Evolving Modern Targeted Therapy Era @JoeKhouryMD @doctorpemm @DrPhyuPAung2 @NitinJainMD,1,1.0,1.0,1.0
1068,1202275535847452673,How do we have a Poverty Crisis with low unemployment? This is how: https://t.co/4VmctiWL9o,1,1.0,1.0,1.0
1076,1207922461804773376,How New Orleans Reduced Its Homeless Population By 90 Percent https://t.co/N1IGCaCdbw,1,1.0,0.0,0.0
1080,1214940072681857026,"Armed conflict disproportionately affects children, touching every aspect of their health from physical to psychological. https://t.co/M2k2COh2SZ via @MDedgeTweets",1,1.0,1.0,1.0
1085,1218137579767332865,Discuss. https://t.co/dCbMs4MjB6,1,0.0,1.0,1.0
1089,1220953312867934209,Scientists capture molecular maps of animal tissue with unprecedented detail - https://t.co/5Piti5xYZR - +GENERAL PHYSICS LABORATORY (GPL) Scientists capture molecular maps of animal tissue with unprecedented detail https://t.co/5Piti5xYZR https://t.co/FeqMWdlABN,1,1.0,1.0,1.0
1094,1223777572619800582,Meditation ‚Äì how it can benefit both your mental and physical health. Learn more about this essential health and wellness practice https://t.co/crwnW2k2LF https://t.co/FrKffUrFij,1,1.0,1.0,1.0
1095,1223881256343166976,On #WorldWetlandsDay we remind nations considering their Nationally Determined Contributions -NDCs- to fulfil their #ClimateAction plans & achieve targets under #ParisAgreement. that Wetlands are important carbon stores that function best when intact #WetlandBiodiversityMatters https://t.co/OfzahVQ81E,1,1.0,0.0,0.0
1096,1229305489168781312,Weather damage affects rail traffic in several federal states https://t.co/fcn3t02zXe,1,1.0,0.0,0.0
1100,1235546282799886336,Congratulations to @iliciub1 for receiving the Puskas Memorial Fellowship https://t.co/oqFTMuyFHq Ilinca studies malaria transmission dynamics with a focus on within-vector parasite interactions #WomenInSTEM @womeninmalaria @PurdueBiolSci @PurdueEEB,1,0.0,0.0,1.0
1102,1235690411026345984,"@ComfortablySmug @EricTrump While Trump didn't explicitly say that sick Americans should go to work, he did state that those with mild coronavirus cases can still recover while going about their daily lives ‚Äî an assertion that contradicts public health officials' recommendations on how to manage the illness",1,1.0,0.0,0.0
1104,1235763801473024004,"Freeman J. Dyson, a mathematical prodigy who left his mark on subatomic physics before gaining public renown as a writer and technological visionary, has died https://t.co/IDtWxjBUsk",1,0.0,0.0,1.0
1105,1236391151977955328,@GreatTammie @RudeRicky @latimes Got houseless? Want to have #PublicHealth for the survival of the human species? HOUSING and HEALTHCARE! #CORONAVIRUS ‚ÄúOregon‚Äôs homeless at risk for coronavirus. The crowded conditions in which the homeless live make them more susceptible to the virus.‚Äù https://t.co/KwchIaTGck,1,1.0,0.0,0.0
1111,1240241957881987072,"""Optimism is the faith that leads to achievement. Nothing can be done without hope and confidence."" - Helen Keller #AsiManshiDebut",1,1.0,0.0,0.0
1113,1240275043810148352,"Terrific research by Yannick Oswald, @JKSteinberger, and colleagues. Once a person begins to pay attention to the climate impact of emissions by the comparatively rich, the importance of flying reduction jumps several steps upwards in a sensible climate action priority ranking.",1,1.0,1.0,1.0
1116,1240709465524953088,"Though it is often said the 1918 'Spanish Flu' began in Kansas, USA, there is evidence that the deadly pandemic that killed 50 million people originated with Chinese labourers shipped to North America. Yet the Spaniards don't complain! #ChineseVirus https://t.co/mc2R7iTqXb",1,1.0,1.0,1.0
1117,1240717437601042433,"We know that #coronavirus is a cause for concern and stress for many. Whether you're #WorkingFromHome, #SocialDistancing or #SelfIsolating, it's important to look after our wellbeing. Find out how you can support your mental health: https://t.co/f0D8tTQvpx https://t.co/JgfT7Lcs9T",1,1.0,0.0,0.0
1121,1241882971369541633,"Shockingly, the study noted involvement in the project not only by UNC researchers & FDA representatives but also by ""Zhengli-Li Shi, Key Laboratory of Special Pathogens & Biosafety, Wuhan Institute of Virology, Chinese Academy of Sciences, Wuhan, China."" https://t.co/xk7vhHGytJ",1,1.0,1.0,1.0
1126,1245518340581404675,Music has the ability to repair brain damage as well as return lost memories. #haitian #music,1,1.0,0.0,0.0
1127,1247882306091511810,"Canadian? Take 5 min to complete this Stats Can survey on the impacts of #COVID19 that will be used to help asses the needs of communities, implement suitable support measures during and after the pandemic, and could become an important resource for future research https://t.co/ZVeuf7fImt",1,0.0,0.0,1.0
1129,1248717496410136582,"Policies like social distancing used to combat the coronavirus have adverse effects in low-income nations, Ahmed Mushfiq Mobarak and Zachary Barnett-Howell write. https://t.co/TBA1DUSkxL",1,1.0,1.0,1.0
1130,1249736224933175296,"Turkey reports lower number of coronavirus cases for a second day in row. 4,093 cases were reported Monday, down by 696 when compared to the previous day, 4,789. 61,049 sickened since March 10 and 1,296 have died since March 17, per @drfahrettinkoca About 4K recoveries so far",1,1.0,0.0,0.0
1131,1250620117337030656,"Did you know eye exercises & vision therapy can help with digital eye strain & certain eye conditions? Eye exercises will strengthen weak eye muscles, improve blood circulation & muscle tone. Try these eye exercise for a better & stronger vision üëÅüëÅüíô‚ú® #CentralAmericanTwitter https://t.co/KKrwUFJRvG",1,1.0,0.0,0.0
1141,1255907874871472129,"@rantingelisa @KatyMontgomerie @JackieDP @NewgentTGA This part, science illiterate one: ‚ÄòThe overall mortality for sex-reassigned persons was higher during follow-up (aHR 2.8; 95% CI 1.8‚Äì4.3) than for controls of the same birth sex, particularly death from suicide",1,1.0,0.0,0.0
1146,1260646960232464384,"Durable, washable textile coating can repel viruses: New research could lead to safely reusable PPE https://t.co/KUyvMq5MRd",1,1.0,1.0,1.0
1147,1263308736824668160,"@chuckwoolery Yes me, too. Ventilation can be very dangerous, any Pulmonary Dr. will support that. When my husband had cardiac arrest he was on for 6 days, the Pulmonary Physician worked to get him off it ASAP, otherwise body becomes dependent & they may never be able to breath on their own",1,1.0,0.0,0.0
1157,1272435093550874624,My article is featured on the @ResearchGate #COVID19 community page. Read it here: https://t.co/DUK2cdFHbT,1,0.0,1.0,1.0
1159,1273308506804948992,"The suicide rate is higher because of lack of opportunities, unemployment a faulty healthcare system, men feeling expendable and lack of fathers. How is this going to address any of that? America is low on the happiness index. https://t.co/RdybLtFb1Q",1,1.0,0.0,0.0
1160,1274129617520033792,Hopes raised for cancer treatment after experiments halted tumour growth in mice https://t.co/TIVG01SEDL,1,1.0,1.0,1.0
1161,1274396038644858884,"New preprint from the awesome @Amelia_Lindsey's postdoc in the lab w/ @hardy_lab collaboration. ""Wolbachia and virus alter the host transcriptome at the interface of nucleotide metabolism pathways"" https://t.co/QQoITEzwB2",1,1.0,1.0,1.0
1168,1276944003901132802,@IffatHasanRizvi @iffat Please read this research analysis https://t.co/2VgsIg8Trp,1,0.0,1.0,1.0
1173,1281363890182316032,"@gavanw You might find all the algebraic topology based analysis of the emergence of structure in the activated brain that came out of the Blue Brain project a few years ago interesting. New Scientist is pretty terrible, but this is an okay surface introduction: https://t.co/GWYUxc4RGc",1,0.0,1.0,1.0
1175,1282230440326238214,"New article by @johnwenger9. Burning of solid fuels for home heating is the biggest source of #AirPollution in small towns. Switching to clean energy sources has benefits for #airquality, #ClimateChange and also reduces the impact of #COVID__19 https://t.co/HGjJLjDOXi",1,1.0,1.0,1.0
1180,1284313776313884672,@TexCIS @FoxNewsSunday 'Researchers found ‚Äúno evidence that urban protests reignited Covid-19‚Äîcities which had protests saw an increase in social distancing behavior for the overall population‚Äîleading to ‚Äúmodest evidence of a small longer-run case growth decline.‚Äù' https://t.co/7eVBgYs9Jj,1,1.0,1.0,1.0
1182,1284391781048754177,New study emphasises the extraordinary degree to which Covid fatalities are concentrated among older people and not the young or middle aged. https://t.co/w0W64bijk3 via @MailOnline,1,1.0,1.0,1.0
1183,1286754812332212224,@EmericanJohnson OK I will try to cancel. Here is a hot take that might cause some vocal disagreement with some vietnamese: Le Duan was not strategically competent and ran the war badly. Giap was better but still not exactly a military genius. Loads of errors cost many lives. They still won tho,1,1.0,0.0,0.0
1186,1293769401506791426,"HCQ saves lives! ""Why would the non-doctors, Google, Twitter, Facebook, try to stop people from getting something that really does help people? It certainly helped me."" Rep. Louie Gohmert to Newsmax TV: They Wanted Me to 'Just Die'; HCQ Saved Me https://t.co/39mGOvQyDy",1,1.0,0.0,0.0
1187,1293908940166594573,"Today the El Paso Department of Health reports 20 COVID-19 deaths. While this is the highest single-day increase, the deaths did not occur on the same day. https://t.co/p6NmrYpR0U",1,1.0,0.0,0.0
1189,1294355376117350402,"France: N. Mayer. ‚ÄúBring the Poor Back In! Inequalities, Welfare and Politics‚Äù. In: European Political Science 13.2 (2014), pp. 187-200. https://t.co/bU7aVSgwU1. https://t.co/zhcg3vGe8r",1,0.0,1.0,1.0
1190,1294574559430094848,"Scientists discover way to make quantum states last 10,000 times longer https://t.co/Q3mvvLt1Sb #ComputerScience",1,1.0,1.0,1.0
1192,1295565841266651138,Australia's Victoria reports lowest rise in COVID-19 cases in a month https://t.co/KCLKkyFLIs Source: EWN,1,1.0,0.0,1.0
1200,1301917033303605250,"The difference between how smoking and obesity are treated, despite producing roughly similar results for public health (tho obesity might be worse now) is fascinating",1,1.0,0.0,0.0
1208,1307519861690597376,"A growing number of otherwise well people are developing a form of PTSD from an Administration and its cheerleaders, whose malevolence and contempt for life is beyond comprehension. https://t.co/JjxIYdEd1G",1,1.0,1.0,1.0
1209,1307763840663212032,"The Montana press really needs to run with this story. The first-term congressman rejects evolution, dismisses the science of climate change and recently promoted the idea that ‚Äúherd immunity‚Äù is the solution to the coronavirus pandemic. https://t.co/Y2d3npb9ll via @HuffPostPol",1,1.0,0.0,1.0
1215,1310927408644739081,The multifarious nature of the damage means treatments for cardiac issues during infection will require tailored approaches. https://t.co/nDMT1ARVkz,1,1.0,1.0,1.0
1216,1311604337756581888,Finally out in @NatureGenet : Phenome-wide Mendelian randomization mapping the influence of the plasma proteome on complex diseases https://t.co/7UQUM1SGu1. It comes with a nice query tool: https://t.co/DiHManDi6T #proteomics #pQTL,1,0.0,1.0,1.0
1218,1313175683644952583,"Priority for future research on impact of Covid on suicide/self-harm is role of inequalities that are a feature of both - economic, regional & ethnic. Once we know the effect on overall numbers, this becomes the key question.",1,1.0,0.0,1.0
1219,1313605903464181762,"@Ali_at_home @Juneo_x @magoniareview @JuliaHB1 @WomensPrize Trans people support only trans people. Ask Lesbians whose dating sites are infested with men. I don't buy your thinking, you won't persuade me so goodnight.",1,1.0,0.0,0.0
1224,1316401657866059778,".@nature endorses @JoeBiden >> ""We cannot stand by and let science be undermined. Joe Biden‚Äôs trust in truth, evidence, science and democracy make him the only choice in the US election."" https://t.co/zPRO4c3uHY",1,0.0,0.0,1.0
1226,1318574643771510786,"@Jubair22 My question is how many of these deaths are really COVID? Like I said earlier, Flu cases have dropped 90% this year. I seriously doubt that the Flu virus just disappeared. I have a feeling that some, not all, of these COVID deaths could be Flu related.",1,1.0,0.0,0.0
1229,1320058294896033798,The COVID-19 pandemic is not over. Incorrect information can cost lives ‚Äî it undermines our efforts to control the virus and protect those most at risk. Today I make a #PledgetoPause before I share information online ‚Äî will you join me? https://t.co/PB5mefqdnd,1,1.0,0.0,0.0
1230,1321634845697564672,*Researches how to use Twitter as a scientist üôÇ Ten simple rules for getting started on Twitter as a scientist https://t.co/3bfLAacQgt #AcademicTwitter #ScienceTwitter #howto,1,0.0,1.0,1.0
1232,1323286986233360386,"With 948 new cases of #COVID19 reported today, Ontario's seven-day-average trend is still on the rise. https://t.co/5RtV894Ijr #covid19ontario https://t.co/gHlzlUr8wK",1,1.0,1.0,1.0
1237,1326505338338729985,The lack of a monetary price for the negative consequences of burning fossil fuels should be seen as a subsidy for fossil fuels. These are the key findings of the IMF paper ‚ÄòHow Large Are Global Fossil Fuel Subsidies?‚Äô https://t.co/JzgcgEpQhh https://t.co/bdK679u1ae,1,1.0,1.0,1.0
1238,1326974458939191297,"Despite the risks associated with their use, #benzodiazepines remain used more widely than wisely. Read all about it in the #DrugSafety article here: https://t.co/XAqb8YiT30",1,1.0,1.0,1.0
1240,1333513320159186944,"@harwood_su None of the trials currently under way are designed to detect a reduction in serious outcome such as hospital admissions, use of intensive care, or deaths. Nor are the vaccines being studied to determine whether they can interrupt transmission of the virus https://t.co/L2rdChZQm9",1,1.0,1.0,1.0
1243,1334539147579707392,Tightly woven blood vessels in solid tumors can be tough for celluar therapies to penetrate. @PennMedicine research finds that combining CAR T-cell therapy with a PAK4 inhibitor drug allows the engineered cells to break through and attack the tumor. https://t.co/3RpuGJ8dJR,1,1.0,1.0,1.0
1244,1335031921626279937,New2Trip: Association Between Prescribed Opioid Receipt & Community-Acquired Pneumonia in Adults: Systematic Review & Meta-analysis https://t.co/nELlkvOFLV,1,1.0,1.0,1.0
1247,1336903053362954241,"Three systematic reviews & the WHO contradict the claims in this thread https://t.co/wOGfvARgx5 & https://t.co/GlaSLR4D5z & https://t.co/DYJiRgbsdI & WHO (next tweet) Yet, a crafted message promoting fear, that will harm kids for decades, has 2,000 RTs Unbelievable",1,0.0,1.0,1.0
1249,1338450113765789699,"This looks like a great opportunity to get research in WASH published, with mentorship available too. Special issue of the H2open journal. https://t.co/DLBrcQx9QB @IWAPublishing #washtwitter #wash #sanitation #water #hygiene #SDGs",1,0.0,0.0,1.0
1250,1338483958397480972,Highly prestigious and competitive awards funded by the European Union to support scholars in pursuing ground breaking research have been made to five Edinburgh academics. @ERC_Research https://t.co/D9ngBbxLQS,1,0.0,0.0,1.0
1253,1339398314563792900,"Vestislav Apostolov, David M. J. Calderbank, Eveline Legendre: Weighted K-stability of polarized varieties and extremality of Sasaki manifolds https://t.co/wd6l9ARN21 https://t.co/rwzu51tW32",1,0.0,1.0,1.0
1255,1340455669443350528,@LaylaFanucci @realDonaldTrump I'm sorry but we DO NOT have 1/4 of million dead from covid. Total deaths in the U.S.. are actually lower this yr than yrs before. Do some research on your own and quit believing everything you hear on the news.,1,1.0,0.0,0.0
